file,width,height,pixels,gamma_max,denoise_h,processing_scale,runtime_s,original_brightness,original_contrast,original_entropy,original_sharpness,enhanced_brightness,delta_brightness,enhanced_contrast,delta_contrast,enhanced_entropy,delta_entropy,enhanced_sharpness,delta_sharpness
10.png,600,400,240000,5.879760343581438,14,1.0,0.6505076885223389,14.568804166666666,7.419177244590488,4.803274154663086,32.84184646606445,129.783325,115.21452083333332,43.939416836644234,36.52023959205375,7.111456871032715,2.308182716369629,4245.77197265625,4212.930126190186
12.png,600,400,240000,5.991353568310538,13,1.0,0.6429903507232666,6.3725875,6.5267340777383,4.1414313316345215,34.85902786254883,80.50244583333334,74.12985833333335,55.778443213765236,49.25170913602694,7.325331211090088,3.1838998794555664,9432.9462890625,9398.087261199951
13.png,600,400,240000,5.771744685868422,14,1.0,0.6376967430114746,18.372725,8.311583848724322,4.915809154510498,43.62662887573242,151.64407083333333,133.27134583333333,49.14029890963542,40.828715060911094,7.1962890625,2.280479907989502,4491.5390625,4447.912433624268
14.png,600,400,240000,5.7711700834333906,14,1.0,0.6819720268249512,18.386395833333335,8.322715047385838,4.91768741607666,43.61513900756836,151.96054583333333,133.57415,49.23330078177506,40.910585734389215,7.198429107666016,2.2807416915893555,4484.6884765625,4441.073337554932
15.png,600,400,240000,6.0,13,1.0,0.6668195724487305,6.810875,4.0675686924388055,3.911026954650879,29.352142333984375,111.031875,104.221,49.0232201851093,44.9556514926705,7.332793235778809,3.4217662811279297,11403.1533203125,11373.801177978516
16.png,600,400,240000,6.0,13,1.0,0.6661808490753174,6.873166666666667,4.090324555854,3.918462038040161,29.19287872314453,111.57475,104.70158333333333,49.098948689737746,45.00862413388374,7.344409942626953,3.425947904586792,11216.7744140625,11187.581535339355
17.png,600,400,240000,5.7360241655260324,14,1.0,0.641042947769165,14.613991666666667,13.484033060126974,5.300961017608643,88.86551666259766,100.62045416666666,86.0064625,58.06646894545709,44.58243588533011,7.706291198730469,2.405330181121826,4747.98388671875,4659.118370056152
18.png,600,400,240000,5.73869900777936,14,1.0,0.6265809535980225,14.546566666666667,13.435903947218769,5.292848110198975,89.05563354492188,100.48782083333333,85.94125416666667,58.322502532623716,44.88659858540495,7.7093000411987305,2.416451930999756,4747.134765625,4658.079132080078
2.png,600,400,240000,5.278675269335508,14,1.0,0.6044058799743652,24.5677125,23.24412986865022,5.471873760223389,55.354549407958984,95.98992083333333,71.42220833333333,61.28097185024402,38.0368419815938,7.440047740936279,1.9681739807128906,2268.969482421875,2213.614933013916
21.png,600,400,240000,5.645653272668521,14,1.0,0.5474905967712402,19.1931625,12.872822822336227,5.194375991821289,40.74434280395508,138.41722916666666,119.22406666666666,67.82205939556698,54.949236573230756,7.508671283721924,2.3142952919006348,4378.37255859375,4337.628215789795
24.png,600,400,240000,5.890756097311774,13,1.0,0.5924606323242188,9.7293375,7.538620296696234,4.369738578796387,27.93438720703125,113.88307916666666,104.15374166666666,67.76567383529854,60.227053538602306,7.294498443603516,2.924759864807129,8168.51318359375,8140.578796386719
25.png,600,400,240000,5.449811937908331,14,1.0,0.5759162902832031,23.456441666666667,17.05122486328369,5.567173480987549,45.937461853027344,123.55335416666667,100.0969125,46.01644274966177,28.96521788637808,7.3237996101379395,1.7566261291503906,1655.1243896484375,1609.1869277954102
26.png,600,400,240000,5.44851192086935,14,1.0,0.6478531360626221,23.496666666666666,17.06736839377673,5.56896448135376,47.3663330078125,123.3281375,99.83147083333333,45.885871426991855,28.818503033215126,7.320583820343018,1.7516193389892578,1650.940185546875,1603.5738525390625
27.png,600,400,240000,6.0,13,1.0,0.5603606700897217,4.306729166666667,5.960301003443475,3.487807035446167,21.309171676635742,79.5160625,75.20933333333333,50.52212667399068,44.5618256705472,7.154788494110107,3.6669814586639404,12496.12890625,12474.819734573364
28.png,600,400,240000,6.0,13,1.0,0.5291595458984375,4.297133333333333,5.943217712840597,3.485475778579712,21.268062591552734,79.71691666666666,75.41978333333333,50.63654499298298,44.69332728014238,7.139111518859863,3.6536357402801514,12625.521484375,12604.253421783447
33.png,600,400,240000,5.724442892397443,13,1.0,0.6291697025299072,10.383929166666666,13.970521437237622,4.761617183685303,62.49467468261719,75.25729583333333,64.87336666666667,59.615587961713636,45.645066524476015,7.374579906463623,2.6129627227783203,4011.162841796875,3948.668167114258
35.png,600,400,240000,5.835683985923728,14,1.0,0.6423447132110596,13.391,10.437512187617635,5.095970630645752,78.09174346923828,88.09614583333334,74.70514583333333,55.552818201648414,45.11530601403078,7.570558547973633,2.474587917327881,4383.9833984375,4305.891654968262
36.png,600,400,240000,5.845901507263383,14,1.0,0.6586148738861084,12.803179166666666,10.574756059892476,5.071402549743652,76.65090942382812,94.2428625,81.43968333333333,54.05669505534068,43.4819389954482,7.589631080627441,2.518228530883789,4530.818359375,4454.167449951172
38.png,600,400,240000,6.0,13,1.0,0.6468424797058105,4.744533333333333,4.565056967394335,3.7164413928985596,34.59098434448242,64.3162625,59.57172916666666,45.01258063620762,40.44752366881329,7.10593318939209,3.3894917964935303,8074.048828125,8039.457843780518
39.png,600,400,240000,5.32409605756402,14,1.0,0.6255514621734619,27.999008333333332,17.97776262543805,5.508440971374512,63.26105880737305,108.2149125,80.21590416666666,52.430973353391124,34.45321072795308,7.516706466674805,2.008265495300293,2184.343017578125,2121.081958770752
40.png,600,400,240000,5.294429202874501,14,1.0,0.6366410255432129,28.646016666666668,18.609567990679476,5.567983627319336,70.9844741821289,110.2700875,81.62407083333333,52.06568878422408,33.4561207935446,7.512472629547119,1.9444890022277832,2331.262451171875,2260.277976989746
42.png,600,400,240000,5.909416645144423,14,1.0,0.6703288555145264,10.49905,10.115488903862564,4.513049602508545,38.279380798339844,88.9320625,78.4330125,61.33088710969996,51.215398205837396,7.528487682342529,3.0154380798339844,7740.33154296875,7702.05216217041
43.png,600,400,240000,5.310994637509187,14,1.0,0.6532392501831055,29.212304166666666,17.354980969186222,5.908027648925781,71.06883239746094,138.1402,108.92789583333332,53.862278565739615,36.50729759655339,7.553731441497803,1.6457037925720215,3157.28076171875,3086.211929321289
44.png,600,400,240000,5.308465741574764,14,1.0,0.6499509811401367,29.256458333333335,17.41953225902647,5.912674903869629,72.52225494384766,138.55840416666666,109.30194583333332,53.092424418366726,35.67289215934025,7.555924892425537,1.6432499885559082,3049.9541015625,2977.4318466186523
45.png,600,400,240000,6.0,13,1.0,0.6533033847808838,5.0384375,5.286363122090059,3.7755136489868164,22.22368812561035,83.11157083333333,78.07313333333333,46.30195403849046,41.0155909164004,7.131223678588867,3.355710029602051,11283.3486328125,11261.12494468689
46.png,600,400,240000,6.0,13,1.0,0.617668628692627,5.872341666666666,5.347213762007016,3.9279561042785645,25.504568099975586,81.56981666666667,75.697475,43.67266136421109,38.32544760220407,7.183295249938965,3.2553391456604004,9560.619140625,9535.114572525024
47.png,600,400,240000,5.801636066908638,14,1.0,0.6323666572570801,13.859375,11.429185211963931,5.130178928375244,104.5666275024414,91.49732916666666,77.63795416666666,51.61463609804215,40.185450886078215,7.554879188537598,2.4247002601623535,4507.3720703125,4402.805442810059
48.png,600,400,240000,5.789218910038471,14,1.0,0.6098334789276123,14.4805375,11.353010080051916,5.145491600036621,104.98638916015625,92.572975,78.0924375,50.65904336492523,39.306033284873315,7.562470436096191,2.4169788360595703,4301.4697265625,4196.483337402344
487.png,600,400,240000,5.890335013158619,12,1.0,0.6101279258728027,7.1217,5.973440307728872,4.15032434463501,18.45708656311035,78.120075,70.998375,41.27693785470334,35.30349754697447,6.827902793884277,2.6775784492492676,2617.995849609375,2599.5387630462646
5.png,600,400,240000,5.8649989391366635,16,1.0,0.6191267967224121,19.889579166666667,11.110112273940619,5.337275981903076,134.46365356445312,106.53020833333333,86.64062916666667,47.933506591144194,36.82339431720358,7.517148971557617,2.179872989654541,5393.37255859375,5258.908905029297
50.png,600,400,240000,5.87057220377028,14,1.0,0.6228506565093994,11.881958333333333,10.421882803262113,4.997721195220947,53.574275970458984,86.689525,74.80756666666667,55.327153417416795,44.90527061415468,7.557457447052002,2.5597362518310547,4389.4638671875,4335.889591217041
51.png,600,400,240000,5.615573203812042,14,1.0,0.5983114242553711,18.313966666666666,15.00600629522133,5.559908866882324,90.03340911865234,93.64383333333333,75.32986666666667,57.10183311685848,42.09582682163715,7.598154067993164,2.03824520111084,3689.920166015625,3599.8867568969727
52.png,600,400,240000,5.619385649760565,14,1.0,0.5859265327453613,18.212158333333335,14.94295922862215,5.554241180419922,90.2372055053711,93.259575,75.04741666666666,56.91625913702259,41.97329990840044,7.589573860168457,2.035332679748535,3725.112548828125,3634.875343322754
53.png,600,400,240000,5.398398735870917,14,1.0,0.6165363788604736,25.656283333333334,17.09755222791815,5.817935466766357,53.628448486328125,144.28242083333333,118.6261375,65.31067192763803,48.213119699719876,7.53718376159668,1.7192482948303223,3720.4287109375,3666.800262451172
54.png,600,400,240000,5.391125209629536,14,1.0,0.6439039707183838,25.81372916666667,17.253602493681793,5.835668087005615,54.49020767211914,146.55842916666666,120.7447,65.63105199547302,48.37744950179122,7.5709614753723145,1.7352933883666992,3642.388916015625,3587.898708343506
56.png,600,400,240000,5.873638947804769,13,1.0,0.6270501613616943,9.831229166666667,8.16703458458552,4.625819206237793,26.05206298828125,119.13121666666666,109.29998749999999,63.33777308094322,55.1707384963577,7.253981590270996,2.628162384033203,9442.4287109375,9416.376647949219
57.png,600,400,240000,5.8180084725220995,15,1.0,0.6244206428527832,18.667366666666666,10.177194524960642,5.28459358215332,65.43755340576172,140.17187916666666,121.50451249999999,50.98399572465918,40.80680119969854,7.41630744934082,2.1317138671875,5580.85009765625,5515.412544250488
58.png,600,400,240000,5.830332297831773,15,1.0,0.6161460876464844,17.966529166666668,10.334800862618623,5.282945156097412,65.08811950683594,139.28930833333334,121.32277916666666,50.531262195017426,40.196461332398805,7.400116920471191,2.1171717643737793,5684.1767578125,5619.088638305664
59.png,600,400,240000,5.678575201580922,15,1.0,0.5995280742645264,23.778895833333333,11.133562268241732,5.265444278717041,156.69956970214844,127.04820833333333,103.2693125,59.117022866711274,47.98346059846954,7.4437408447265625,2.1782965660095215,6677.7705078125,6521.070938110352
6.png,600,400,240000,5.859411181261142,16,1.0,0.6790323257446289,20.058779166666667,11.18310142623977,5.34675931930542,139.65411376953125,106.5587875,86.50000833333333,47.7695969632343,36.58649553699453,7.513280391693115,2.1665210723876953,5495.533203125,5355.879089355469
60.png,600,400,240000,5.582439420123895,14,1.0,0.6050593852996826,23.802620833333332,11.078022716076156,5.261861324310303,137.65838623046875,127.5279125,103.72529166666666,59.21795585709071,48.13993314101455,7.448009490966797,2.186148166656494,5830.33349609375,5692.675109863281
61.png,600,400,240000,6.0,14,1.0,0.58414626121521,6.170333333333334,3.6227284683723613,3.746218681335449,39.533512115478516,87.53503333333333,81.3647,50.982762096603686,47.36003362823133,7.309298992156982,3.563080310821533,10928.6962890625,10889.162776947021
62.png,600,400,240000,6.0,14,1.0,0.6259543895721436,6.103654166666667,3.5929191910941496,3.7357988357543945,39.01801300048828,87.73717916666666,81.63352499999999,50.77279705750806,47.17987786641391,7.3027143478393555,3.566915512084961,11299.0703125,11260.052299499512
63.png,600,400,240000,5.889231199398637,14,1.0,0.6787137985229492,12.767633333333333,8.767802217900574,4.892978191375732,46.56385803222656,106.3996125,93.63197916666667,49.08271052366448,40.31490830576391,7.558952808380127,2.6659746170043945,4187.98095703125,4141.417098999023
64.png,600,400,240000,5.884706923738122,14,1.0,0.6335608959197998,12.91145,8.820263633484355,4.905844688415527,44.16889953613281,105.9617125,93.0502625,48.45666479684719,39.636401163362834,7.543827056884766,2.6379823684692383,3996.642578125,3952.473678588867
67.png,600,400,240000,5.684139103318254,13,1.0,0.6343507766723633,15.50165,10.707870420590954,5.123138427734375,44.8139762878418,121.8398,106.33815,60.14214504787803,49.43427462728708,7.466466903686523,2.3433284759521484,3871.4541015625,3826.640125274658
68.png,600,400,240000,5.6861035109808045,13,1.0,0.6298954486846924,15.391433333333334,10.731538253153127,5.131647109985352,47.03910446166992,124.74770833333334,109.356275,59.3073157284574,48.57577747530427,7.507397651672363,2.3757505416870117,4077.142578125,4030.10347366333
69.png,600,400,240000,5.615327883511781,13,1.0,0.6161775588989258,17.753175,11.44339412438642,5.230095863342285,33.52404022216797,137.588875,119.8357,67.2669393875454,55.823545263158984,7.512300968170166,2.282205104827881,3946.24755859375,3912.723518371582
9.png,600,400,240000,5.880047459155321,14,1.0,0.5926942825317383,14.551733333333333,7.42357160192376,4.804313659667969,33.06266403198242,129.88199583333332,115.33026249999999,44.05811460465199,36.63454300272823,7.115959644317627,2.311645984649658,4303.0439453125,4269.981281280518
